day_type,hour,rides
weekday,0,5900
weekday,1,2866
weekday,2,1620
weekday,3,932
weekday,4,2238
weekday,5,8103
weekday,6,25853
weekday,7,51271
weekday,8,63758
weekday,9,33408
weekday,10,24790
weekday,11,28207
weekday,12,32209
weekday,13,33201
weekday,14,36455
weekday,15,44429
weekday,16,55783
weekday,17,85124
weekday,18,83058
weekday,19,58584
weekday,20,39856
weekday,21,27713
weekday,22,19570
weekday,23,12728
weekend,0,6086
weekend,1,4264
weekend,2,3047
weekend,3,1673
weekend,4,974
weekend,5,1133
weekend,6,2202
weekend,7,4796
weekend,8,8736
weekend,9,13649
weekend,10,17641
weekend,11,20191
weekend,12,21096
weekend,13,21045
weekend,14,20796
weekend,15,20921
weekend,16,20030
weekend,17,19740
weekend,18,18143
weekend,19,15153
weekend,20,11690
weekend,21,8658
weekend,22,6868
weekend,23,5778
